{
	"format_version": "1.8.0",
	"animations": {
		"firekickslam": {
			"animation_length": 1,
			"bones": {
				"head": {
					"rotation": {
						"0.0": {
							"vector": [0, 0, 0]
						},
						"0.25": {
							"vector": [97.5, 0, 0]
						},
						"0.375": {
							"vector": [185, 0, 0]
						},
						"0.5": {
							"vector": [352.5, 0, 0]
						},
						"0.6667": {
							"vector": [380, 0, 0]
						},
						"0.9167": {
							"vector": [380, 0, 0]
						}
					},
					"position": {
						"0.0": {
							"vector": [0, 0, 0]
						},
						"0.25": {
							"vector": [0, 12.33, -0.33]
						},
						"0.375": {
							"vector": [0, 19, 0]
						},
						"0.5": {
							"vector": [0, 14, 0]
						},
						"0.6667": {
							"vector": [0, 12, -4]
						},
						"0.75": {
							"vector": [0, 5, -4]
						},
						"0.8333": {
							"vector": [0, -9, -4]
						},
						"0.9167": {
							"vector": [0, -9, -4]
						}
					}
				},
				"torso": {
					"rotation": {
						"0.0": {
							"vector": [0, 0, 0]
						},
						"0.25": {
							"vector": [95, 0, 0]
						},
						"0.375": {
							"vector": [177.5, 0, 0]
						},
						"0.5": {
							"vector": [307.5, 0, 0]
						},
						"0.6667": {
							"vector": [360, 0, 0]
						},
						"0.9167": {
							"vector": [360, 0, 0]
						}
					},
					"position": {
						"0.0": {
							"vector": [0, 0, 0]
						},
						"0.25": {
							"vector": [0, 15, 0]
						},
						"0.375": {
							"vector": [0, 19, 0]
						},
						"0.5": {
							"vector": [0, 15, 0]
						},
						"0.6667": {
							"vector": [0, 12, -4]
						},
						"0.75": {
							"vector": [0, 5, -4]
						},
						"0.8333": {
							"vector": [0, -8, -4]
						},
						"0.9167": {
							"vector": [0, -8, -4]
						}
					}
				},
				"right_arm": {
					"rotation": {
						"0.0": {
							"vector": [0, 0, 0]
						},
						"0.25": {
							"vector": [22.44652, -6.36473, -24.40032]
						},
						"0.375": {
							"vector": [102.44652, -6.36473, -24.40032]
						},
						"0.5": {
							"vector": [267.27517, -21.34901, -23.69096]
						},
						"0.6667": {
							"vector": [314.10965, 37.81247, 8.24187]
						},
						"0.9167": {
							"vector": [314.10965, 37.81247, 8.24187]
						}
					},
					"position": {
						"0.0": {
							"vector": [0, 0, 0]
						},
						"0.25": {
							"vector": [0, 15, 0]
						},
						"0.375": {
							"vector": [0, 21, 0]
						},
						"0.5": {
							"vector": [0, 16, -3]
						},
						"0.6667": {
							"vector": [0, 12, -4]
						},
						"0.75": {
							"vector": [0, 5, -4]
						},
						"0.8333": {
							"vector": [0, -9, -4]
						},
						"0.9167": {
							"vector": [0, -9, -4]
						}
					}
				},
				"left_arm": {
					"rotation": {
						"0.0": {
							"vector": [0, 0, 0]
						},
						"0.25": {
							"vector": [19.38317, 11.85317, 32.07877]
						},
						"0.375": {
							"vector": [86.88317, 11.85317, 32.07877]
						},
						"0.5": {
							"vector": [309.33276, -11.5565, 13.18489]
						},
						"0.6667": {
							"vector": [365.38115, -28.54213, -32.86073]
						},
						"0.9167": {
							"vector": [365.38115, -28.54213, -32.86073]
						}
					},
					"position": {
						"0.0": {
							"vector": [0, 0, 0]
						},
						"0.25": {
							"vector": [0, 15, 0]
						},
						"0.375": {
							"vector": [0, 20, 0]
						},
						"0.5": {
							"vector": [0, 16, -3]
						},
						"0.6667": {
							"vector": [0, 12, -4]
						},
						"0.75": {
							"vector": [0, 5, -4]
						},
						"0.8333": {
							"vector": [0, -9, -4]
						},
						"0.9167": {
							"vector": [0, -9, -4]
						}
					}
				},
				"right_leg": {
					"rotation": {
						"0.0": {
							"vector": [0, 0, 0]
						},
						"0.25": {
							"vector": [-28.13, 0, 0]
						},
						"0.375": {
							"vector": [64.37, 0, 0]
						},
						"0.5": {
							"vector": [209.37, 0, 0]
						},
						"0.6667": {
							"vector": [221.87, 0, 0]
						},
						"0.7083": {
							"vector": [248.44, 0, 0]
						},
						"0.75": {
							"vector": [260, 0, 0]
						},
						"0.8333": {
							"vector": [272.5, 0, 0]
						},
						"0.9167": {
							"vector": [272.5, 0, 0]
						}
					},
					"position": {
						"0.0": {
							"vector": [0, 0, 0]
						},
						"0.25": {
							"vector": [0, 24, 13]
						},
						"0.375": {
							"vector": [0, 45, 1]
						},
						"0.5": {
							"vector": [0, 19, -12]
						},
						"0.6667": {
							"vector": [0, 10, -7]
						},
						"0.75": {
							"vector": [0, 3, -5]
						},
						"0.8333": {
							"vector": [0, -10, -2]
						},
						"0.9167": {
							"vector": [0, -10, -2]
						}
					}
				},
				"left_leg": {
					"rotation": {
						"0.0": {
							"vector": [0, 0, 0]
						},
						"0.25": {
							"vector": [-25.63, 0, 0]
						},
						"0.375": {
							"vector": [69.37, 0, 0]
						},
						"0.5": {
							"vector": [286.87, 0, 0]
						},
						"0.6667": {
							"vector": [369.37, 0, 0]
						},
						"0.75": {
							"vector": [405, 0, 0]
						},
						"0.8333": {
							"vector": [450, 0, 0]
						},
						"0.9167": {
							"vector": [450, 0, 0]
						}
					},
					"position": {
						"0.0": {
							"vector": [0, 0, 0]
						},
						"0.25": {
							"vector": [0, 24, 13]
						},
						"0.375": {
							"vector": [0, 44, 1]
						},
						"0.5": {
							"vector": [0, 19, -10]
						},
						"0.6667": {
							"vector": [0, 12, -4]
						},
						"0.75": {
							"vector": [0, 5, -4]
						},
						"0.8333": {
							"vector": [0, -10, -4]
						},
						"0.9167": {
							"vector": [0, -10, -4]
						}
					}
				}
			}
		}
	}
}