{
	"format_version": "1.8.0",
	"animations": {
		"flyingnimbus": {
			"loop": true,
			"animation_length": 1,
			"bones": {
				"head": {
					"position": {
						"vector": [3, -1.25, -2.75]
					}
				},
				"torso": {
					"rotation": {
						"0.0": {
							"vector": [-218.73499, -70.13617, -123.73499]
						},
						"0.4583": {
							"vector": [-223.71645, -68.4869, -118.41119]
						},
						"1.0": {
							"vector": [-218.73499, -70.13617, -123.73499]
						}
					},
					"position": {
						"vector": [3, -1, -3]
					}
				},
				"right_arm": {
					"rotation": {
						"0.0": {
							"vector": [-90, -40, 90]
						},
						"0.4583": {
							"vector": [-90, -37.5, 90]
						},
						"1.0": {
							"vector": [-90, -40, 90]
						}
					},
					"position": {
						"vector": [8.5, -3.75, -6.5]
					}
				},
				"left_arm": {
					"rotation": {
						"0.0": {
							"vector": [90, -42.5, -90]
						},
						"0.4583": {
							"vector": [90, -40, -90]
						},
						"1.0": {
							"vector": [90, -42.5, -90]
						}
					},
					"position": {
						"vector": [-4, -1, 1.75]
					}
				},
				"right_leg": {
					"rotation": {
						"0.0": {
							"vector": [16.2604, -35.272, -1.12267]
						},
						"0.4583": {
							"vector": [20.42798, -34.53696, -4.03647]
						},
						"1.0": {
							"vector": [16.2604, -35.272, -1.12267]
						}
					},
					"position": {
						"vector": [1.25, 0, 1]
					}
				},
				"left_leg": {
					"rotation": {
						"0.0": {
							"vector": [-12.39769, -1.6047, -7.25989]
						},
						"0.4583": {
							"vector": [-9.95463, -1.06667, -4.8178]
						},
						"1.0": {
							"vector": [-12.39769, -1.6047, -7.25989]
						}
					},
					"position": {
						"vector": [-2.25, 0, -3]
					}
				}
			}
		}
	}
}