{
	"format_version": "1.8.0",
	"animations": {
		"fusiondanceleft": {
			"animation_length": 5.75,
			"bones": {
				"torso": {
					"rotation": {
						"0.0": {
							"vector": [0, 0, 0]
						},
						"1.9583": {
							"vector": [0, 0, 0]
						},
						"2.125": {
							"vector": [0, 0, 0]
						},
						"2.7083": {
							"vector": [0, 0, 27.5]
						}
					},
					"position": {
						"0.0": {
							"vector": [-24, 0, 0]
						},
						"1.25": {
							"vector": [-16, 0, 0]
						},
						"1.5": {
							"vector": [-16, 0, 0]
						},
						"1.5833": {
							"vector": [16, 0, 0]
						},
						"1.9583": {
							"vector": [-15.68, -0.32, 0]
						},
						"2.125": {
							"vector": [-15.68, -0.32, 0]
						},
						"2.7083": {
							"vector": [-10.7, -1.8, 0]
						}
					}
				},
				"head": {
					"rotation": {
						"0.0": {
							"vector": [0, 0, 0]
						},
						"1.9583": {
							"vector": [0, 0, 0]
						},
						"2.125": {
							"vector": [0, 0, 0]
						},
						"2.7083": {
							"vector": [-22.5, 0, 35]
						}
					},
					"position": {
						"0.0": {
							"vector": [-24, 0, 0]
						},
						"1.25": {
							"vector": [-16, 0, 0]
						},
						"1.5": {
							"vector": [-16, 0, 0]
						},
						"1.5833": {
							"vector": [16, 0, 0]
						},
						"1.9583": {
							"vector": [-15.8, 0, 0]
						},
						"2.125": {
							"vector": [-15.8, 0, 0]
						},
						"2.7083": {
							"vector": [-10, -2.075, 0]
						}
					}
				},
				"right_arm": {
					"rotation": {
						"0.0": {
							"vector": [0, 0, 90]
						},
						"0.625": {
							"vector": [0, 67.5, 180]
						},
						"1.0": {
							"vector": [-68.78022, 43.28487, 137.2717]
						},
						"1.25": {
							"vector": [-135, 0, 90]
						},
						"1.5": {
							"vector": [-135, 0, 90]
						},
						"1.5833": {
							"vector": [0, 90, 90]
						},
						"1.75": {
							"vector": [-97.5, 0, 37.5]
						},
						"1.9583": {
							"vector": [0, 0, 90]
						},
						"2.125": {
							"vector": [0, 0, 90]
						},
						"2.7083": {
							"vector": [0, 0, 270]
						}
					},
					"position": {
						"0.0": {
							"vector": [-25, -1, 0]
						},
						"1.25": {
							"vector": [-16, -1, 0]
						},
						"1.5": {
							"vector": [-16, -1, 0]
						},
						"1.5833": {
							"vector": [15, 0, 0]
						},
						"1.9583": {
							"vector": [-16.7, -1, 0]
						},
						"2.125": {
							"vector": [-16.7, -1, 0]
						},
						"2.375": {
							"vector": [-15.8, 0.33, -1.33]
						},
						"2.7083": {
							"vector": [-5, 3, -4]
						}
					}
				},
				"left_arm": {
					"rotation": {
						"0.0": {
							"vector": [-90, 67.5, 0]
						},
						"0.625": {
							"vector": [-139.35299, -10.38374, -22.10428]
						},
						"1.0": {
							"vector": [-68.78022, -43.28487, -137.2717]
						},
						"1.25": {
							"vector": [0, -90, -90]
						},
						"1.5": {
							"vector": [0, -90, -90]
						},
						"1.5833": {
							"vector": [-135, 0, -90]
						},
						"1.75": {
							"vector": [-97.5, 0, -37.5]
						},
						"1.9583": {
							"vector": [-90, 62.5, 0]
						},
						"2.125": {
							"vector": [-90, 62.5, 0]
						},
						"2.7083": {
							"vector": [-90, -87.5, 0]
						}
					},
					"position": {
						"0.0": {
							"vector": [-25, 0, 0]
						},
						"1.25": {
							"vector": [-15, 0, 0]
						},
						"1.5": {
							"vector": [-15, 0, 0]
						},
						"1.5833": {
							"vector": [16, -1, 0]
						},
						"1.9583": {
							"vector": [-17, 0, 0]
						},
						"2.125": {
							"vector": [-17, 0, 0]
						},
						"2.3333": {
							"vector": [15.8, 0.33, -1.33]
						},
						"2.7083": {
							"vector": [-15, -4, -1]
						}
					}
				},
				"right_leg": {
					"rotation": {
						"0.0": {
							"vector": [0, 0, 7.5]
						},
						"0.125": {
							"vector": [0, 0, -2.5]
						},
						"0.3333": {
							"vector": [0, 0, 7.5]
						},
						"0.5417": {
							"vector": [0, 0, -2.5]
						},
						"0.75": {
							"vector": [0, 0, 7.5]
						},
						"0.7917": {
							"vector": [0, 0, 7.5]
						},
						"0.9167": {
							"vector": [0, 0, -2.5]
						},
						"1.0417": {
							"vector": [0, 0, -2.5]
						},
						"1.0833": {
							"vector": [0, 0, 7.5]
						},
						"1.25": {
							"vector": [0, 0, 7.5]
						},
						"1.5": {
							"vector": [0, 0, 7.5]
						},
						"1.9583": {
							"vector": [-14.98637, 0.64686, -20.08508]
						},
						"2.125": {
							"vector": [-14.98637, 0.64686, -20.08508]
						},
						"2.7083": {
							"vector": [0, 0, 32.5]
						}
					},
					"position": {
						"0.0": {
							"vector": [-24, 0, 0]
						},
						"1.25": {
							"vector": [-16, 0, 0]
						},
						"1.5": {
							"vector": [-16, 0, 0]
						},
						"1.5833": {
							"vector": [16, 0, 0]
						}
					}
				},
				"left_leg": {
					"rotation": {
						"0.0": {
							"vector": [0, 0, -7.5]
						},
						"0.125": {
							"vector": [0, 0, 2.5]
						},
						"0.3333": {
							"vector": [0, 0, -7.5]
						},
						"0.5417": {
							"vector": [0, 0, 2.5]
						},
						"0.75": {
							"vector": [0, 0, -7.5]
						},
						"0.7917": {
							"vector": [0, 0, -7.5]
						},
						"0.9167": {
							"vector": [0, 0, 2.5]
						},
						"1.0417": {
							"vector": [0, 0, 2.5]
						},
						"1.0833": {
							"vector": [0, 0, -7.5]
						},
						"1.25": {
							"vector": [0, 0, -7.5]
						},
						"1.5833": {
							"vector": [0, 0, -7.5]
						},
						"1.9583": {
							"vector": [0, 0, 0]
						},
						"2.125": {
							"vector": [0, 0, 0]
						},
						"2.7083": {
							"vector": [0, 0, -32.5]
						}
					},
					"position": {
						"0.0": {
							"vector": [-24, 0, 0]
						},
						"1.25": {
							"vector": [-16, 0, 0]
						},
						"1.5": {
							"vector": [-16, 0, 0]
						},
						"1.5833": {
							"vector": [16, 0, 0]
						}
					}
				}
			}
		}
	}
}