{
	"format_version": "1.8.0",
	"animations": {
		"heavy3": {
			"animation_length": 0.5,
			"bones": {
				"torso": {
					"rotation": {
						"0.0": {
							"vector": [0, 0, 0]
						},
						"0.1667": {
							"vector": [-59.63881, -40.78947, 69.05898]
						},
						"0.25": {
							"vector": [-59.63881, -40.78947, 69.05898]
						},
						"0.3333": {
							"vector": [-59.63881, -40.78947, 69.05898]
						},
						"0.4167": {
							"vector": [0, 0, 0]
						}
					},
					"position": {
						"0.0": {
							"vector": [0, 0, 0]
						},
						"0.1667": {
							"vector": [0, -3, 7]
						},
						"0.25": {
							"vector": [0, -3, 3]
						},
						"0.3333": {
							"vector": [0, -3, 3]
						},
						"0.4167": {
							"vector": [0, 0, 0]
						}
					}
				},
				"head": {
					"rotation": {
						"0.0": {
							"vector": [0, 0, 0]
						},
						"0.1667": {
							"vector": [-22.67457, -6.92618, 2.8842]
						},
						"0.25": {
							"vector": [-22.67457, -6.92618, 2.8842]
						},
						"0.3333": {
							"vector": [-22.67457, -6.92618, 2.8842]
						},
						"0.4167": {
							"vector": [0, 0, 0]
						}
					},
					"position": {
						"0.0": {
							"vector": [0, 0, 0]
						},
						"0.1667": {
							"vector": [0, -3.925, 8.2]
						},
						"0.25": {
							"vector": [0, -3.925, 4.2]
						},
						"0.3333": {
							"vector": [0, -3.925, 4.2]
						},
						"0.4167": {
							"vector": [0, 0, 0]
						}
					}
				},
				"right_arm": {
					"rotation": {
						"0.0": {
							"vector": [0, 0, 0]
						},
						"0.1667": {
							"vector": [-116.34644, -41.38871, 91.45348]
						},
						"0.25": {
							"vector": [-116.34644, -41.38871, 91.45348]
						},
						"0.3333": {
							"vector": [-116.34644, -41.38871, 91.45348]
						},
						"0.4167": {
							"vector": [0, 0, 0]
						}
					},
					"position": {
						"0.0": {
							"vector": [0, 0, 0]
						},
						"0.1667": {
							"vector": [3, 0.25, 3]
						},
						"0.25": {
							"vector": [3, 0.25, -1]
						},
						"0.3333": {
							"vector": [3, 0.25, -1]
						},
						"0.4167": {
							"vector": [0, 0, 0]
						}
					}
				},
				"left_arm": {
					"rotation": {
						"0.0": {
							"vector": [0, 0, 0]
						},
						"0.1667": {
							"vector": [-125.79092, -23.78348, 17.20018]
						},
						"0.25": {
							"vector": [-125.79092, -23.78348, 17.20018]
						},
						"0.3333": {
							"vector": [-125.79092, -23.78348, 17.20018]
						},
						"0.4167": {
							"vector": [0, 0, 0]
						}
					},
					"position": {
						"0.0": {
							"vector": [0, 0, 0]
						},
						"0.1667": {
							"vector": [-4.25, -5.75, 10.25]
						},
						"0.25": {
							"vector": [-4.25, -5.75, 6.25]
						},
						"0.3333": {
							"vector": [-4.25, -5.75, 6.25]
						},
						"0.4167": {
							"vector": [0, 0, 0]
						}
					},
					"scale": {
						"0.0": {
							"vector": [1, 1, 1]
						},
						"0.4167": {
							"vector": [1, 1, 1]
						}
					}
				},
				"right_leg": {
					"rotation": {
						"0.0": {
							"vector": [0, 0, 0]
						},
						"0.1667": {
							"vector": [-99.53403, -0.04122, 59.33898]
						},
						"0.25": {
							"vector": [-102.40027, 24.24618, 46.03143]
						},
						"0.3333": {
							"vector": [-102.40027, 24.24618, 46.03143]
						},
						"0.4167": {
							"vector": [0, 0, 0]
						}
					},
					"position": {
						"0.0": {
							"vector": [0, 0, 0]
						},
						"0.1667": {
							"vector": [-2, 1, -3]
						},
						"0.25": {
							"vector": [-2, 1, -7]
						},
						"0.3333": {
							"vector": [-2, 1, -7]
						},
						"0.4167": {
							"vector": [0, 0, 0]
						}
					}
				},
				"left_leg": {
					"rotation": {
						"0.0": {
							"vector": [0, 0, 0]
						},
						"0.1667": {
							"vector": [-4.5, -13.5, 0]
						},
						"0.25": {
							"vector": [-4.5, -13.5, 0]
						},
						"0.3333": {
							"vector": [-4.5, -13.5, 0]
						},
						"0.4167": {
							"vector": [0, 0, 0]
						}
					},
					"position": {
						"0.0": {
							"vector": [0, 0, 0]
						},
						"0.1667": {
							"vector": [-4, 0, 0]
						},
						"0.25": {
							"vector": [-4, 0, -4]
						},
						"0.3333": {
							"vector": [-4, 0, -4]
						},
						"0.4167": {
							"vector": [0, 0, 0]
						}
					}
				}
			}
		}
	}
}