{
	"format_version": "1.8.0",
	"animations": {
		"heavy1": {
			"animation_length": 0.75,
			"bones": {
				"torso": {
					"rotation": {
						"0.0": {
							"vector": [0, 0, 0]
						},
						"0.125": {
							"vector": [15, 0, 0]
						},
						"0.25": {
							"vector": [15, 0, 0]
						},
						"0.3333": {
							"vector": [30, 0, 0]
						},
						"0.625": {
							"vector": [0, 0, 0]
						}
					},
					"position": {
						"0.0": {
							"vector": [0, 0, 0]
						},
						"0.125": {
							"vector": [0, 0, -0.27]
						},
						"0.25": {
							"vector": [0, 0, -0.27]
						},
						"0.3333": {
							"vector": [0, 0, -6]
						},
						"0.625": {
							"vector": [0, 0, 0]
						}
					}
				},
				"head": {
					"rotation": {
						"0.0": {
							"vector": [0, 0, 0]
						},
						"0.125": {
							"vector": [0, 0, 0]
						},
						"0.25": {
							"vector": [0, 0, 0]
						},
						"0.3333": {
							"vector": [20, 0, 0]
						},
						"0.625": {
							"vector": [0, 0, 0]
						}
					},
					"position": {
						"0.0": {
							"vector": [0, 0, 0]
						},
						"0.125": {
							"vector": [0, 0, -0.27]
						},
						"0.25": {
							"vector": [0, 0, -0.27]
						},
						"0.3333": {
							"vector": [0, 0, -6]
						},
						"0.625": {
							"vector": [0, 0, 0]
						}
					}
				},
				"right_arm": {
					"rotation": {
						"0.0": {
							"vector": [0, 0, 0]
						},
						"0.125": {
							"vector": [-130.25298, -19.58991, 15.84766]
						},
						"0.25": {
							"vector": [-130.25298, -19.58991, 15.84766]
						},
						"0.3333": {
							"vector": [-33.19925, -38.07832, -2.32782]
						},
						"0.625": {
							"vector": [0, 0, 0]
						}
					},
					"position": {
						"0.0": {
							"vector": [0, 0, 0]
						},
						"0.125": {
							"vector": [0, 0, 0]
						},
						"0.25": {
							"vector": [0, 0, 0]
						},
						"0.3333": {
							"vector": [0, 0, -6]
						},
						"0.625": {
							"vector": [0, 0, 0]
						}
					}
				},
				"left_arm": {
					"rotation": {
						"0.0": {
							"vector": [0, 0, 0]
						},
						"0.125": {
							"vector": [-130.25298, 19.58991, -15.84766]
						},
						"0.25": {
							"vector": [-130.25298, 19.58991, -15.84766]
						},
						"0.3333": {
							"vector": [-33.19925, 38.07832, 2.32782]
						},
						"0.625": {
							"vector": [0, 0, 0]
						}
					},
					"position": {
						"0.0": {
							"vector": [0, 0, 0]
						},
						"0.125": {
							"vector": [0, 0, 0]
						},
						"0.25": {
							"vector": [0, 0, 0]
						},
						"0.3333": {
							"vector": [0, 0, -6]
						},
						"0.625": {
							"vector": [0, 0, 0]
						}
					},
					"scale": {
						"0.0": {
							"vector": [1, 1, 1]
						},
						"0.125": {
							"vector": [1, 1, 1]
						},
						"0.25": {
							"vector": [1, 1, 1]
						},
						"0.625": {
							"vector": [1, 1, 1]
						}
					}
				},
				"right_leg": {
					"rotation": {
						"0.0": {
							"vector": [0, 0, 0]
						},
						"0.125": {
							"vector": [-12.39638, 1.61888, 7.32417]
						},
						"0.25": {
							"vector": [-12.39638, 1.61888, 7.32417]
						},
						"0.3333": {
							"vector": [-17.31338, 2.36471, 9.71179]
						},
						"0.625": {
							"vector": [0, 0, 0]
						}
					},
					"position": {
						"0.0": {
							"vector": [0, 0, 0]
						},
						"0.125": {
							"vector": [0, 0, 3]
						},
						"0.25": {
							"vector": [0, 0, 3]
						},
						"0.3333": {
							"vector": [0, 0, 0]
						},
						"0.625": {
							"vector": [0, 0, 0]
						}
					}
				},
				"left_leg": {
					"rotation": {
						"0.0": {
							"vector": [0, 0, 0]
						},
						"0.125": {
							"vector": [-12.39638, -1.61888, -7.32417]
						},
						"0.25": {
							"vector": [-12.39638, -1.61888, -7.32417]
						},
						"0.3333": {
							"vector": [-17.31338, -2.36471, -9.71179]
						},
						"0.625": {
							"vector": [0, 0, 0]
						}
					},
					"position": {
						"0.0": {
							"vector": [0, 0, 0]
						},
						"0.125": {
							"vector": [0, 0, 3]
						},
						"0.25": {
							"vector": [0, 0, 3]
						},
						"0.3333": {
							"vector": [0, 0, 0]
						},
						"0.625": {
							"vector": [0, 0, 0]
						}
					}
				}
			}
		}
	}
}