{
	"format_version": "1.8.0",
	"animations": {
		"punchbarrage": {
			"animation_length": 3,
			"bones": {
				"head": {
					"rotation": {
						"0.0": {
							"vector": [0, 0, 0]
						},
						"0.1667": {
							"vector": [0, -5, 0]
						},
						"0.375": {
							"vector": [0, 0, 0]
						},
						"0.5833": {
							"vector": [0, -5, 0]
						},
						"0.7917": {
							"vector": [0, 0, 0]
						},
						"1.0": {
							"vector": [0, -5, 0]
						},
						"1.2083": {
							"vector": [0, 0, 0]
						},
						"1.375": {
							"vector": [0, -5, 0]
						},
						"1.5833": {
							"vector": [0, 0, 0]
						},
						"1.7917": {
							"vector": [0, -5, 0]
						},
						"2.0": {
							"vector": [0, 0, 0]
						},
						"2.2083": {
							"vector": [0, -5, 0]
						},
						"2.375": {
							"vector": [0, 0, 0]
						},
						"2.5417": {
							"vector": [0, -5, 0]
						},
						"2.75": {
							"vector": [0, 0, 0]
						},
						"2.9583": {
							"vector": [0, -5, 0]
						}
					}
				},
				"torso": {
					"rotation": {
						"0.0": {
							"vector": [0, 45, 0]
						},
						"0.1667": {
							"vector": [0, -45, 0]
						},
						"0.375": {
							"vector": [0, 45, 0]
						},
						"0.5833": {
							"vector": [0, -45, 0]
						},
						"0.7917": {
							"vector": [0, 45, 0]
						},
						"1.0": {
							"vector": [0, -45, 0]
						},
						"1.2083": {
							"vector": [0, 45, 0]
						},
						"1.375": {
							"vector": [0, -45, 0]
						},
						"1.5833": {
							"vector": [0, 45, 0]
						},
						"1.7917": {
							"vector": [0, -45, 0]
						},
						"2.0": {
							"vector": [0, 45, 0]
						},
						"2.2083": {
							"vector": [0, -45, 0]
						},
						"2.375": {
							"vector": [0, 45, 0]
						},
						"2.5417": {
							"vector": [0, -45, 0]
						},
						"2.75": {
							"vector": [0, 45, 0]
						},
						"2.9583": {
							"vector": [0, -45, 0]
						}
					}
				},
				"right_arm": {
					"rotation": {
						"0.0": {
							"vector": [-30.79211, 38.64438, 23.54072]
						},
						"0.1667": {
							"vector": [-90, -17.5, 0]
						},
						"0.375": {
							"vector": [-30.79211, 38.64438, 23.54072]
						},
						"0.5833": {
							"vector": [-100, -32.5, 0]
						},
						"0.7917": {
							"vector": [-30.79211, 38.64438, 23.54072]
						},
						"1.0": {
							"vector": [-90, -17.5, 0]
						},
						"1.2083": {
							"vector": [-30.79211, 38.64438, 23.54072]
						},
						"1.375": {
							"vector": [-90, -17.5, 0]
						},
						"1.5833": {
							"vector": [-30.79211, 38.64438, 23.54072]
						},
						"1.7917": {
							"vector": [-100, -32.5, 0]
						},
						"2.0": {
							"vector": [-30.79211, 38.64438, 23.54072]
						},
						"2.2083": {
							"vector": [-90, -17.5, 0]
						},
						"2.375": {
							"vector": [-30.79211, 38.64438, 23.54072]
						},
						"2.5417": {
							"vector": [-90, -17.5, 0]
						},
						"2.75": {
							"vector": [-30.79211, 38.64438, 23.54072]
						},
						"2.9583": {
							"vector": [-100, -32.5, 0]
						}
					},
					"position": {
						"0.0": {
							"vector": [1, -1, 4]
						},
						"0.1667": {
							"vector": [2, 0, -5.25]
						},
						"0.375": {
							"vector": [1, -1, 4]
						},
						"0.5833": {
							"vector": [2, 0, -5.25]
						},
						"0.7917": {
							"vector": [1, -1, 4]
						},
						"1.0": {
							"vector": [2, 0, -5.25]
						},
						"1.2083": {
							"vector": [1, -1, 4]
						},
						"1.375": {
							"vector": [2, 0, -5.25]
						},
						"1.5833": {
							"vector": [1, -1, 4]
						},
						"1.7917": {
							"vector": [2, 0, -5.25]
						},
						"2.0": {
							"vector": [1, -1, 4]
						},
						"2.2083": {
							"vector": [2, 0, -5.25]
						},
						"2.375": {
							"vector": [1, -1, 4]
						},
						"2.5417": {
							"vector": [2, 0, -5.25]
						},
						"2.75": {
							"vector": [1, -1, 4]
						},
						"2.9583": {
							"vector": [2, 0, -5.25]
						}
					}
				},
				"left_arm": {
					"rotation": {
						"0.0": {
							"vector": [-92.01012, 24.637, 37.65091]
						},
						"0.1667": {
							"vector": [-45.31941, -0.01317, 18.15489]
						},
						"0.375": {
							"vector": [-92.07847, 25.25774, 41.91609]
						},
						"0.5833": {
							"vector": [-45.31941, -0.01317, 18.15489]
						},
						"0.7917": {
							"vector": [-88.96097, 19.43383, 55.83385]
						},
						"1.0": {
							"vector": [-45.31941, -0.01317, 18.15489]
						},
						"1.2083": {
							"vector": [-92.01012, 24.637, 37.65091]
						},
						"1.375": {
							"vector": [-45.31941, -0.01317, 18.15489]
						},
						"1.5833": {
							"vector": [-92.07847, 25.25774, 41.91609]
						},
						"1.7917": {
							"vector": [-45.31941, -0.01317, 18.15489]
						},
						"2.0": {
							"vector": [-88.96097, 19.43383, 55.83385]
						},
						"2.2083": {
							"vector": [-45.31941, -0.01317, 18.15489]
						},
						"2.375": {
							"vector": [-92.01012, 24.637, 37.65091]
						},
						"2.5417": {
							"vector": [-45.31941, -0.01317, 18.15489]
						},
						"2.75": {
							"vector": [-92.07847, 25.25774, 41.91609]
						},
						"2.9583": {
							"vector": [-45.31941, -0.01317, 18.15489]
						}
					},
					"position": {
						"0.0": {
							"vector": [-2.25, 0, -5.5]
						},
						"0.1667": {
							"vector": [0, 0, 3]
						},
						"0.375": {
							"vector": [-2.25, 0, -5.5]
						},
						"0.5833": {
							"vector": [0, 0, 3]
						},
						"0.7917": {
							"vector": [-2.25, 0, -5.5]
						},
						"1.0": {
							"vector": [0, 0, 3]
						},
						"1.2083": {
							"vector": [-2.25, 0, -5.5]
						},
						"1.375": {
							"vector": [0, 0, 3]
						},
						"1.5833": {
							"vector": [-2.25, 0, -5.5]
						},
						"1.7917": {
							"vector": [0, 0, 3]
						},
						"2.0": {
							"vector": [-2.25, 0, -5.5]
						},
						"2.2083": {
							"vector": [0, 0, 3]
						},
						"2.375": {
							"vector": [-2.25, 0, -5.5]
						},
						"2.5417": {
							"vector": [0, 0, 3]
						},
						"2.75": {
							"vector": [-2.25, 0, -5.5]
						},
						"2.9583": {
							"vector": [0, 0, 3]
						}
					}
				},
				"right_leg": {
					"rotation": {
						"0.0": {
							"vector": [22.5, 22.5, 0]
						},
						"0.1667": {
							"vector": [-32.5, -17.5, 0]
						},
						"0.375": {
							"vector": [22.5, 22.5, 0]
						},
						"0.5833": {
							"vector": [-32.5, -17.5, 0]
						},
						"0.7917": {
							"vector": [22.5, 22.5, 0]
						},
						"1.0": {
							"vector": [-32.5, -17.5, 0]
						},
						"1.2083": {
							"vector": [22.5, 22.5, 0]
						},
						"1.375": {
							"vector": [-32.5, -17.5, 0]
						},
						"1.5833": {
							"vector": [22.5, 22.5, 0]
						},
						"1.7917": {
							"vector": [-32.5, -17.5, 0]
						},
						"2.0": {
							"vector": [22.5, 22.5, 0]
						},
						"2.2083": {
							"vector": [-32.5, -17.5, 0]
						},
						"2.375": {
							"vector": [22.5, 22.5, 0]
						},
						"2.5417": {
							"vector": [-32.5, -17.5, 0]
						},
						"2.75": {
							"vector": [22.5, 22.5, 0]
						},
						"2.9583": {
							"vector": [-32.5, -17.5, 0]
						}
					},
					"position": {
						"0.0": {
							"vector": [-0.25, 0, 1.75]
						},
						"0.1667": {
							"vector": [0, -0.5, -1.25]
						},
						"0.375": {
							"vector": [-0.25, 0, 1.75]
						},
						"0.5833": {
							"vector": [0, -0.5, -1.25]
						},
						"0.7917": {
							"vector": [-0.25, 0, 1.75]
						},
						"1.0": {
							"vector": [0, -0.5, -1.25]
						},
						"1.2083": {
							"vector": [-0.25, 0, 1.75]
						},
						"1.375": {
							"vector": [0, -0.5, -1.25]
						},
						"1.5833": {
							"vector": [-0.25, 0, 1.75]
						},
						"1.7917": {
							"vector": [0, -0.5, -1.25]
						},
						"2.0": {
							"vector": [-0.25, 0, 1.75]
						},
						"2.2083": {
							"vector": [0, -0.5, -1.25]
						},
						"2.375": {
							"vector": [-0.25, 0, 1.75]
						},