{
	"format_version": "1.8.0",
	"animations": {
		"rikudostorm": {
			"animation_length": 2.75,
			"bones": {
				"head": {
					"rotation": {
						"0.0": {
							"vector": [0, 0, 0]
						},
						"0.1667": {
							"vector": [0, 0, 0]
						},
						"0.375": {
							"vector": [0, 0, 0]
						},
						"0.625": {
							"vector": [-24.14867, -20.70481, 9.00717]
						},
						"0.8333": {
							"vector": [0, 0, 0]
						},
						"1.0417": {
							"vector": [-35.6484, 10.21235, -7.24677]
						},
						"1.1667": {
							"vector": [-35.6484, 10.21235, -7.24677]
						},
						"1.2917": {
							"vector": [-35.6484, 10.21235, -7.24677]
						},
						"1.5": {
							"vector": [0, 0, 0]
						},
						"1.875": {
							"vector": [0, 0, 0]
						},
						"2.125": {
							"vector": [97.5, 0, 0]
						},
						"2.25": {
							"vector": [185, 0, 0]
						},
						"2.375": {
							"vector": [352.5, 0, 0]
						},
						"2.5417": {
							"vector": [380, 0, 0]
						},
						"2.75": {
							"vector": [360, 0, 0]
						}
					},
					"position": {
						"0.0": {
							"vector": [0, 0, 0]
						},
						"0.375": {
							"vector": [0, 0, 0]
						},
						"0.625": {
							"vector": [0, -3.925, 8.2]
						},
						"0.8333": {
							"vector": [0, 0, 0]
						},
						"0.9167": {
							"vector": [-5, -0.8, 3.2]
						},
						"1.0417": {
							"vector": [0, -2, 8]
						},
						"1.1667": {
							"vector": [0, -2, 8]
						},
						"1.2917": {
							"vector": [0, -2, 8]
						},
						"1.5": {
							"vector": [0, 0, 0]
						},
						"1.625": {
							"vector": [0, 0, -4]
						},
						"1.75": {
							"vector": [0, 0, -4]
						},
						"1.875": {
							"vector": [0, 0, 0]
						},
						"2.125": {
							"vector": [0, 10, -4]
						},
						"2.25": {
							"vector": [0, 12, 1]
						},
						"2.375": {
							"vector": [0, 14, 0]
						},
						"2.5417": {
							"vector": [0, 12, -4]
						},
						"2.75": {
							"vector": [0, 0, 0]
						}
					}
				},
				"torso": {
					"rotation": {
						"0.0": {
							"vector": [0, 0, 0]
						},
						"0.1667": {
							"vector": [0, -45, 0]
						},
						"0.375": {
							"vector": [0, 0, 0]
						},
						"0.5": {
							"vector": [-26.10643, -25.0955, 24.9532]
						},
						"0.625": {
							"vector": [-59.63881, -40.78947, 69.05898]
						},
						"0.75": {
							"vector": [-20.80249, -20.12466, 17.88579]
						},
						"0.8333": {
							"vector": [0, 0, 0]
						},
						"0.9583": {
							"vector": [-49.24438, 31.57682, -34.97117]
						},
						"1.0417": {
							"vector": [-86.42517, 42.96776, -67.33541]
						},
						"1.1667": {
							"vector": [-86.42517, 42.96776, -67.33541]
						},
						"1.2917": {
							"vector": [-86.42517, 42.96776, -67.33541]
						},
						"1.5": {
							"vector": [0, 0, 0]
						},
						"1.625": {
							"vector": [20, 0, 0]
						},
						"1.75": {
							"vector": [20, 0, 0]
						},
						"1.875": {
							"vector": [0, 0, 0]
						},
						"2.125": {
							"vector": [95, 0, 0]
						},
						"2.25": {
							"vector": [177.5, 0, 0]
						},
						"2.375": {
							"vector": [307.5, 0, 0]
						},
						"2.5417": {
							"vector": [360, 0, 0]
						}
					},
					"position": {
						"0.0": {
							"vector": [0, 0, 0]
						},
						"0.375": {
							"vector": [0, 0, 0]
						},
						"0.625": {
							"vector": [0, -3, 7]
						},
						"0.8333": {
							"vector": [0, 0, 0]
						},
						"0.875": {
							"vector": [-2, -0.4, 2.2]
						},
						"0.9167": {
							"vector": [-4.5, -0.8, 3.15]
						},
						"1.0417": {
							"vector": [0, -2, 6]
						},
						"1.1667": {
							"vector": [0, -2, 6]
						},
						"1.2917": {
							"vector": [0, -2, 6]
						},
						"1.5": {
							"vector": [0, 0, 0]
						},
						"1.625": {
							"vector": [0, 0, -4]
						},
						"1.75": {
							"vector": [0, 0, -4]
						},
						"1.875": {
							"vector": [0, 0, 0]
						},
						"2.125": {
							"vector": [0, 15, 0]
						},
						"2.25": {
							"vector": [0, 19, 0]
						},
						"2.375": {
							"vector": [0, 15, 0]
						},
						"2.5417": {
							"vector": [0, 12, -4]
						},
						"2.75": {
							"vector": [0, 0, 0]
						}
					}
				},
				"right_arm": {
					"rotation": {
						"0.0": {
							"vector": [0, 0, 0]
						},
						"0.1667": {
							"vector": [-92.5, -17.5, 0]
						},
						"0.375": {
							"vector": [0, 0, 0]
						},
						"0.625": {
							"vector": [-116.34644, -41.38871, 91.45348]
						},
						"0.8333": {
							"vector": [0, 0, 0]
						},
						"0.9167": {
							"vector": [-29.57463, 8.66507, 17.0007]
						},
						"1.0417": {
							"vector": [-65.09298, 42.20574, 82.15455]
						},
						"1.1667": {
							"vector": [-65.09298, 42.20574, 82.15455]
						},
						"1.2917": {
							"vector": [-65.09298, 42.20574, 82.15455]
						},
						"1.5": {
							"vector": [0, 0, 0]
						},
						"1.625": {
							"vector": [-143.99479, -18.74724, 23.85865]
						},
						"1.75": {
							"vector": [-45.09119, -37.95382, 5.49323]
						},
						"1.875": {
							"vector": [0, 0, 0]
						},
						"2.125": {
							"vector": [22.44652, -6.36473, -24.40032]
						},
						"2.25": {
							"vector": [102.44652, -6.36473, -24.40032]
						},
						"2.375": {
							"vector": [267.27517, -21.34901, -23.69096]
						},
						"2.5417": {
							"vector": [314.10965, 37.81247, 8.24187]
						},
						"2.75": {
							"vector": [359.65046, 0, 0]
						}
					},
					"position": {
						"0.0": {
							"vector": [0, 0, 0]
						},
						"0.1667": {
							"vector": [2, 0, -5.25]
						},
						"0.375": {
							"vector": [0, 0, 0]
						},
						"0.625": {
							"vector": [3, 0.25, 3]
						},
						"0.8333": {
							"vector": [0, 0, 0]
						},
						"0.9167": {
							"vector": [-3.2, -3.4, 2.8]
						},
						"1.0417": {
							"vector": [2, -6, 7]
						},
						"1.1667": {
							"vector": [2, -6, 7]
						},
						"1.2917": {
							"vector": [2, -6, 7]
						},
						"1.5": {
							"vector": [0, 0, 0]
						},
						"1.625": {
							"vector": [0, 1, -6]
						},
						"1.75": {
							"vector": [0, 1, -6]
						},
						"1.875": {
							"vector": [0, 0, 0]
						},
						"2.125": {
							"vector": [0, 15, 0]
						},
						"2.25": {
							"vector": [0, 21, 0]
						},
						"2.375": {
							"vector": [0, 16, -3]
						},
						"2.5417": {
							"vector": [0, 12, -4]
						},
						"2.75": {
							"vector": [0, -1, 0]
						}
					}
				},
				"left_arm": {
					"rotation": {
						"0.0": {
							"vector": [0, 0, 0]
						},
						"0.1667": {
							"vector": [-39.63013, -8.86583, 9.2943]
						},
						"0.375": {
							"vector": [0, 0, 0]
						},
						"0.625": {
							"vector": [-125.79092, -23.78348, 17.20018]
						},
						"0.8333": {
							"vector": [0, 0, 0]
						},
						"1.0417": {
							"vector": [-161.81294, 56.12156, -104.02661]
						},
						"1.1667": {
							"vector": [-161.81294, 56.12156, -104.02661]
						},
						"1.2917": {
							"vector": [-161.81294, 56.12156, -104.02661]
						},
						"1.5": {
							"vector": [0, 0, 0]
						},
						"1.625": {
							"vector": [-134.76498, 16.3882, -15.63367]
						},
						"1.75": {
							"vector": [-46.87467, 35.93564, 1.8921]
						},
						"1.875": {
							"vector": [0, 0, 0]
						},
						"2.125": {
							"vector": [19.38317, 11.85317, 32.07877]
						},
						"2.25": {
							"vector": [86.88317, 11.85317, 32.07877]
						},
						"2.375": {
							"vector": [309.33276, -11.5565, 13.18489]
						},
						"2.5417": {
							"vector": [365.38115, -28.54213, -32.86073]
						},
						"2.75": {
							"vector": [360, 0, 0]
						}
					},
					"position": {
						"0.0": {
							"vector": [0, 0, 0]
						},
						"0.1667": {
							"vector": [0, 0, 3]
						},
						"0.375": {
							"vector": [0, 0, 0]
						},
						"0.625": {
							"vector": [-4.25, -5.75, 10.25]
						},
						"0.8333": {
							"vector": [0, 0, 0]
						},