{
	"format_version": "1.8.0",
	"animations": {
		"transform": {
			"animation_length": 1.25,
			"bones": {
				"torso": {
					"rotation": {
						"0.0": {
							"vector": [10, 0, 0]
						},
						"0.75": {
							"vector": [10, 0, 0]
						},
						"1.0": {
							"vector": [-20, 0, 0]
						}
					},
					"position": {
						"0.0": {
							"vector": [0, 0, 1]
						},
						"0.75": {
							"vector": [0, 0, 1]
						}
					}
				},
				"head": {
					"rotation": {
						"0.0": {
							"vector": [22.5, 0, 0]
						},
						"0.2917": {
							"vector": [-12.5, 0, 0]
						},
						"0.75": {
							"vector": [-12.5, 0, 0]
						},
						"1.0": {
							"vector": [-22.5, 0, 0]
						}
					},
					"position": {
						"0.0": {
							"vector": [0, 0, 0]
						},
						"0.2917": {
							"vector": [0, 0, 1]
						},
						"0.75": {
							"vector": [0, 0, 1]
						},
						"1.0": {
							"vector": [0, 0, 2]
						}
					}
				},
				"right_arm": {
					"rotation": {
						"0.0": {
							"vector": [-17.5, 0, 17.5]
						},
						"0.2917": {
							"vector": [-125.06853, 12.27659, 61.14293]
						},
						"0.75": {
							"vector": [-125.06853, 12.27659, 61.14293]
						},
						"1.0": {
							"vector": [15, 0, 15]
						}
					},
					"position": {
						"vector": [0, 0, 1]
					}
				},
				"left_arm": {
					"rotation": {
						"0.0": {
							"vector": [-10, 0, -17.5]
						},
						"0.2917": {
							"vector": [-123.22858, -10.54529, -61.50703]
						},
						"0.75": {
							"vector": [-123.22858, -10.54529, -61.50703]
						},
						"1.0": {
							"vector": [15, 0, -15]
						}
					},
					"position": {
						"vector": [0, 0, 1]
					}
				},
				"right_leg": {
					"rotation": {
						"0.0": {
							"vector": [-12.10562, 29.03725, 14.48537]
						},
						"0.75": {
							"vector": [-12.10562, 29.03725, 14.48537]
						},
						"1.0": {
							"vector": [12.89438, 29.03725, 14.48537]
						}
					},
					"position": {
						"0.0": {
							"vector": [0, 0, 2]
						},
						"0.75": {
							"vector": [0, 0, 2]
						},
						"1.0": {
							"vector": [0, 1, -3]
						}
					}
				},
				"left_leg": {
					"rotation": {
						"0.0": {
							"vector": [-10.45107, -22.38126, -13.59542]
						},
						"0.75": {
							"vector": [-10.45107, -22.38126, -13.59542]
						},
						"1.0": {
							"vector": [14.54893, -22.38126, -13.59542]
						}
					},
					"position": {
						"0.0": {
							"vector": [0, 0, 2]
						},
						"0.75": {
							"vector": [0, 0, 2]
						},
						"1.0": {
							"vector": [0, 1, -3]
						}
					}
				}
			}
		}
	}
}