{
	"format_version": "1.8.0",
	"animations": {
		"wolffangfist": {
			"animation_length": 2.75,
			"bones": {
				"head": {
					"rotation": {
						"0.0": {
							"vector": [0, 0, 0]
						},
						"0.125": {
							"vector": [-24.14867, -20.70481, 9.00717]
						},
						"0.25": {
							"vector": [-24.14867, -20.70481, 9.00717]
						},
						"0.5": {
							"vector": [0, 0, 0]
						},
						"0.6667": {
							"vector": [0, 22.5, 0]
						},
						"0.8333": {
							"vector": [0, -22.5, 0]
						},
						"1.0": {
							"vector": [0, 22.5, 0]
						},
						"1.1667": {
							"vector": [0, -22.5, 0]
						},
						"1.3333": {
							"vector": [0, 22.5, 0]
						},
						"1.5417": {
							"vector": [0, -22.5, 0]
						},
						"1.75": {
							"vector": [0, 22.5, 0]
						},
						"1.9583": {
							"vector": [0, -22.5, 0]
						},
						"2.125": {
							"vector": [0, 22.5, 0]
						},
						"2.3333": {
							"vector": [0, 22.5, 0]
						},
						"2.4167": {
							"vector": [0, -2.5, 0]
						}
					},
					"position": {
						"0.0": {
							"vector": [0, 0, 0]
						},
						"0.125": {
							"vector": [0, -3.925, 8.2]
						},
						"0.25": {
							"vector": [0, -3.925, 8.2]
						},
						"0.5": {
							"vector": [0, 0, 0]
						},
						"2.125": {
							"vector": [0, 0, 0]
						},
						"2.3333": {
							"vector": [0, 0, 0]
						},
						"2.4167": {
							"vector": [0, 0, -7]
						}
					}
				},
				"torso": {
					"rotation": {
						"0.0": {
							"vector": [0, 0, 0]
						},
						"0.125": {
							"vector": [-59.63881, -40.78947, 69.05898]
						},
						"0.25": {
							"vector": [-59.63881, -40.78947, 69.05898]
						},
						"0.5": {
							"vector": [0, 0, 0]
						},
						"0.6667": {
							"vector": [0, 45, 0]
						},
						"0.8333": {
							"vector": [0, -45, 0]
						},
						"1.0": {
							"vector": [0, 45, 0]
						},
						"1.1667": {
							"vector": [0, -45, 0]
						},
						"1.3333": {
							"vector": [0, 45, 0]
						},
						"1.5417": {
							"vector": [0, -45, 0]
						},
						"1.75": {
							"vector": [0, 45, 0]
						},
						"1.9583": {
							"vector": [0, -45, 0]
						},
						"2.125": {
							"vector": [0, 45, 0]
						},
						"2.3333": {
							"vector": [0, 45, 0]
						},
						"2.4167": {
							"vector": [0, -45, 0]
						}
					},
					"position": {
						"0.0": {
							"vector": [0, 0, 0]
						},
						"0.125": {
							"vector": [0, -3, 7]
						},
						"0.25": {
							"vector": [0, -3, 7]
						},
						"0.5": {
							"vector": [0, 0, 0]
						},
						"2.125": {
							"vector": [0, 0, 0]
						},
						"2.3333": {
							"vector": [0, 0, 0]
						},
						"2.4167": {
							"vector": [0, 0, -7]
						}
					}
				},
				"right_arm": {
					"rotation": {
						"0.0": {
							"vector": [0, 0, 0]
						},
						"0.125": {
							"vector": [-116.34644, -41.38871, 91.45348]
						},
						"0.25": {
							"vector": [-116.34644, -41.38871, 91.45348]
						},
						"0.5": {
							"vector": [0, 0, 0]
						},
						"0.6667": {
							"vector": [-46.10682, 14.59795, -9.16943]
						},
						"0.8333": {
							"vector": [-90, -17.5, 0]
						},
						"1.0": {
							"vector": [-46.10682, 14.59795, -9.16943]
						},
						"1.1667": {
							"vector": [-90, -17.5, 0]
						},
						"1.3333": {
							"vector": [-46.10682, 14.59795, -9.16943]
						},
						"1.5417": {
							"vector": [-90, -17.5, 0]
						},
						"1.75": {
							"vector": [-46.10682, 14.59795, -9.16943]
						},
						"1.9583": {
							"vector": [-90, -17.5, 0]
						},
						"2.125": {
							"vector": [-93.60682, 14.59795, -9.16943]
						},
						"2.3333": {
							"vector": [-93.60682, 14.59795, -9.16943]
						},
						"2.4167": {
							"vector": [-102.5, -42.5, 0]
						}
					},
					"position": {
						"0.0": {
							"vector": [0, 0, 0]
						},
						"0.125": {
							"vector": [3, 0.25, 3]
						},
						"0.25": {
							"vector": [3, 0.25, 3]
						},
						"0.5": {
							"vector": [0, 0, 0]
						},
						"0.6667": {
							"vector": [1, -1, 4]
						},
						"0.8333": {
							"vector": [2, 0, -5.25]
						},
						"1.0": {
							"vector": [1, -1, 4]
						},
						"1.1667": {
							"vector": [2, 0, -5.25]
						},
						"1.3333": {
							"vector": [1, -1, 4]
						},
						"1.5417": {
							"vector": [2, 0, -5.25]
						},
						"1.75": {
							"vector": [1, -1, 4]
						},
						"1.9583": {
							"vector": [2, 0, -5.25]
						},
						"2.125": {
							"vector": [1, -1, 2]
						},
						"2.3333": {
							"vector": [1, -1, 2]
						},
						"2.4167": {
							"vector": [2, 0, -12.25]
						}
					}
				},
				"left_arm": {
					"rotation": {
						"0.0": {
							"vector": [0, 0, 0]
						},
						"0.125": {
							"vector": [-125.79092, -23.78348, 17.20018]
						},
						"0.25": {
							"vector": [-125.79092, -23.78348, 17.20018]
						},
						"0.5": {
							"vector": [0, 0, 0]
						},
						"0.6667": {
							"vector": [-77.01012, 24.637, 37.65091]
						},
						"0.8333": {
							"vector": [-45.31941, -0.01317, 18.15489]
						},
						"1.0": {
							"vector": [-77.01012, 24.637, 37.65091]
						},
						"1.1667": {
							"vector": [-45.31941, -0.01317, 18.15489]
						},
						"1.3333": {
							"vector": [-77.01012, 24.637, 37.65091]
						},
						"1.5417": {
							"vector": [-45.31941, -0.01317, 18.15489]
						},
						"1.75": {
							"vector": [-77.01012, 24.637, 37.65091]
						},
						"1.9583": {
							"vector": [-45.31941, -0.01317, 18.15489]
						},
						"2.125": {
							"vector": [-6.31647, 76.16303, 90.0873]
						},
						"2.3333": {
							"vector": [-6.31647, 76.16303, 90.0873]
						},
						"2.4167": {
							"vector": [-82.81941, -0.01317, 18.15489]
						}
					},
					"position": {
						"0.0": {
							"vector": [0, 0, 0]
						},
						"0.125": {
							"vector": [-4.25, -5.75, 10.25]
						},
						"0.25": {
							"vector": [-4.25, -5.75, 10.25]
						},
						"0.5": {
							"vector": [0, 0, 0]
						},
						"0.6667": {
							"vector": [-2.25, 0, -5.5]
						},
						"0.8333": {
							"vector": [0, 0, 3]
						},
						"1.0": {
							"vector": [-2.25, 0, -5.5]
						},
						"1.1667": {
							"vector": [0, 0, 3]
						},
						"1.3333": {
							"vector": [-2.25, 0, -5.5]
						},
						"1.5417": {
							"vector": [0, 0, 3]
						},
						"1.75": {
							"vector": [-2.25, 0, -5.5]
						},
						"1.9583": {
							"vector": [0, 0, 3]
						},
						"2.125": {
							"vector": [-2.25, 0, -5.5]
						},
						"2.3333": {
							"vector": [-2.25, 0, -5.5]
						},
						"2.4167": {
							"vector": [0, 0, -9]
						}
					}
				},
				"right_leg": {
					"rotation": {
						"0.0": {
							"vector": [0, 0, 0]
						},
						"0.125": {
							"vector": [-122.73241, 32.79775, 40.12074]
						},
						"0.25": {
							"vector": [-187.18377, 39.96828, 70.0426]
						},
						"0.5": {
							"vector": [0, 0, 0]
						},
						"0.6667": {
							"vector": [22.5, 22.5, 0]
						},
						"0.8333": {
							"vector": [-32.5, -17.5, 0]
						},
						"1.0": {
							"vector": [22.5, 22.5, 0]
						},
						"1.1667": {
							"vector": [-32.5, -17.5, 0]
						},
						"1.3333": {
							"vector": [22.5, 22.5, 0]
						},
						"1.5417": {
							"vector": [-32.5, -17.5, 0]
						},
						"1.75": {
							"vector": [22.5, 22.5, 0]
						},
						"1.9583": {
							"vector": [-32.5, -17.5, 0]
						},
						"2.125": {
							"vector": [22.5, 22.5, 0]
						},
						"2.3333": {
							"vector": [22.5, 22.5, 0]
						},
						"2.4167": {
							"vector": [-32.5, -17.5, 0]
						}
					},
					"position": {
						"0.0": {
							"vector": [0, 0, 0]
						},
						"0.125": {
							"vector": [-2, 1, -3]
						},
						"0.25": {
							"vector": [-2, 1, -3]
						},
						"0.5": {
							"vector": [0, 0, 0]
						},
						"0.6667": {
							"vector": [-0.25, 0, 1.75]
						},
						"0.8333": {
							"vector": [0, -0.5, -1.25]
						},